case,score,lower,upper
ALL_BB,-11.619795528839969,-44.90597056881321,21.666379511133275
GDF,2.7618749678169676,1.2506646741495757,4.2730852614843595
GHG,2.045880180595434,0.7446126149734309,3.3471477462174373
JUSO,6.988522758343027,6.330007336399983,7.6470381802860725
LHG,4.90956204098422,3.355695711064148,6.463428370904293
LISTE_VOLT,5.028609523161906,2.9109954935874542,7.146223552736357
NORDCAMPUS,5.588606389682382,3.978123657835284,7.19908912152948
RCDS,9.207030578832128,7.553700920650216,10.860360237014042
