word,score
b'test',4.2105263157894735
b'test2',5.333333333333333
b'test3',6.181818181818182
b'test4',6.0
